time,pitch_deg,yaw_deg,fin_x_deg,fin_y_deg,pitch_error,yaw_error
0.0,0.0,0.0,0.0,0.0,0.0,0.0
0.01,0.0,0.0,0.0,0.0,0.0,0.0
0.02,0.0,0.0,0.0,0.0,0.0,0.0
0.03,0.0,0.0,0.0,0.0,0.0,0.0
0.04,0.0,0.0,0.0,0.0,0.0,0.0
0.05,0.0,0.0,0.0,0.0,0.0,0.0
0.060000000000000005,0.0,0.0,0.0,0.0,0.0,0.0
0.07,0.0,0.0,0.0,0.0,0.0,0.0
0.08,0.0,0.0,0.0,0.0,0.0,0.0
0.09,0.0,0.0,0.0,0.0,0.0,0.0
0.09999999999999999,0.0,0.0,0.0,0.0,0.0,0.0
0.10999999999999999,0.0,0.0,0.0,0.0,0.0,0.0
0.11999999999999998,0.0,0.0,0.0,0.0,0.0,0.0
0.12999999999999998,0.0,0.0,0.0,0.0,0.0,0.0
0.13999999999999999,0.0,0.0,0.0,0.0,0.0,0.0
0.15,0.0,0.0,0.0,0.0,0.0,0.0
0.16,0.0,0.0,0.0,0.0,0.0,0.0
0.17,0.0,0.0,0.0,0.0,0.0,0.0
0.18000000000000002,0.0,0.0,0.0,0.0,0.0,0.0
0.19000000000000003,0.0,0.0,0.0,0.0,0.0,0.0
0.20000000000000004,0.0,0.0,0.0,0.0,0.0,0.0
0.21000000000000005,0.0,0.0,0.0,0.0,0.0,0.0
0.22000000000000006,0.0,0.0,0.0,0.0,0.0,0.0
0.23000000000000007,0.0,0.0,0.0,0.0,0.0,0.0
0.24000000000000007,0.0,0.0,0.0,0.0,0.0,0.0
0.25000000000000006,0.0,0.0,0.0,0.0,0.0,0.0
0.26000000000000006,0.0,0.0,0.0,0.0,0.0,0.0
0.2700000000000001,0.0,0.0,0.0,0.0,0.0,0.0
0.2800000000000001,0.0,0.0,0.0,0.0,0.0,0.0
0.2900000000000001,0.0,0.0,0.0,0.0,0.0,0.0
0.3000000000000001,0.0,0.0,0.0,0.0,0.0,0.0
0.3100000000000001,0.0,0.0,0.0,0.0,0.0,0.0
0.3200000000000001,0.0,0.0,0.0,0.0,0.0,0.0
0.3300000000000001,0.0,0.0,0.0,0.0,0.0,0.0
0.34000000000000014,0.0,0.0,0.0,0.0,0.0,0.0
0.35000000000000014,0.0,0.0,0.0,0.0,0.0,0.0
0.36000000000000015,0.0,0.0,0.0,0.0,0.0,0.0
0.37000000000000016,0.0,0.0,0.0,0.0,0.0,0.0
0.38000000000000017,0.0,0.0,0.0,0.0,0.0,0.0
0.3900000000000002,0.0,0.0,0.0,0.0,0.0,0.0
0.4000000000000002,0.0,0.0,0.0,0.0,0.0,0.0
0.4100000000000002,0.0,0.0,0.0,0.0,0.0,0.0
0.4200000000000002,0.0,0.0,0.0,0.0,0.0,0.0
0.4300000000000002,0.0,0.0,0.0,0.0,0.0,0.0
0.4400000000000002,0.0,0.0,0.0,0.0,0.0,0.0
0.45000000000000023,0.0,0.0,0.0,0.0,0.0,0.0
0.46000000000000024,0.0,0.0,0.0,0.0,0.0,0.0
0.47000000000000025,0.0,0.0,0.0,0.0,0.0,0.0
0.48000000000000026,0.0,0.0,0.0,0.0,0.0,0.0
0.49000000000000027,0.0,0.0,0.0,0.0,0.0,0.0
0.5000000000000002,0.0,0.0,0.0,0.0,0.0,0.0
0.5100000000000002,0.0,0.0,0.0,0.0,0.0,0.0
0.5200000000000002,0.0,0.0,0.0,0.0,0.0,0.0
0.5300000000000002,0.0,0.0,0.0,0.0,0.0,0.0
0.5400000000000003,0.0,0.0,0.0,0.0,0.0,0.0
0.5500000000000003,0.0,0.0,0.0,0.0,0.0,0.0
0.5600000000000003,0.0,0.0,0.0,0.0,0.0,0.0
0.5700000000000003,0.0,0.0,0.0,0.0,0.0,0.0
0.5800000000000003,0.0,0.0,0.0,0.0,0.0,0.0
0.5900000000000003,0.0,0.0,0.0,0.0,0.0,0.0
0.6000000000000003,0.0,0.0,0.0,0.0,0.0,0.0
0.6100000000000003,0.0,0.0,0.0,0.0,0.0,0.0
0.6200000000000003,0.0,0.0,0.0,0.0,0.0,0.0
0.6300000000000003,0.0,0.0,0.0,0.0,0.0,0.0
0.6400000000000003,0.0,0.0,0.0,0.0,0.0,0.0
0.6500000000000004,0.0,0.0,0.0,0.0,0.0,0.0
0.6600000000000004,0.0,0.0,0.0,0.0,0.0,0.0
0.6700000000000004,0.0,0.0,0.0,0.0,0.0,0.0
0.6800000000000004,0.0,0.0,0.0,0.0,0.0,0.0
0.6900000000000004,0.0,0.0,0.0,0.0,0.0,0.0
0.7000000000000004,0.0,0.0,0.0,0.0,0.0,0.0
0.7100000000000004,0.0,0.0,0.0,0.0,0.0,0.0
0.7200000000000004,0.0,0.0,0.0,0.0,0.0,0.0
0.7300000000000004,0.0,0.0,0.0,0.0,0.0,0.0
0.7400000000000004,0.0,0.0,0.0,0.0,0.0,0.0
0.7500000000000004,0.0,0.0,0.0,0.0,0.0,0.0
0.7600000000000005,0.0,0.0,0.0,0.0,0.0,0.0
0.7700000000000005,0.0,0.0,0.0,0.0,0.0,0.0
0.7800000000000005,0.0,0.0,0.0,0.0,0.0,0.0
0.7900000000000005,0.0,0.0,0.0,0.0,0.0,0.0
0.8000000000000005,0.0,0.0,0.0,0.0,0.0,0.0
0.8100000000000005,0.0,0.0,0.0,0.0,0.0,0.0
0.8200000000000005,0.0,0.0,0.0,0.0,0.0,0.0
0.8300000000000005,0.0,0.0,0.0,0.0,0.0,0.0
0.8400000000000005,0.0,0.0,0.0,0.0,0.0,0.0
0.8500000000000005,0.0,0.0,0.0,0.0,0.0,0.0
0.8600000000000005,-1.887591766710857e-10,4.711200226635143e-09,0.0,0.0,1.887591766710857e-10,-4.711200226635143e-09
0.8700000000000006,-6.109278748907011e-10,1.5209762787328925e-08,0.0,0.0,6.109278748907011e-10,-1.5209762787328925e-08
0.8800000000000006,-1.2111514145671822e-09,3.003791931516175e-08,0.0,0.0,1.2111514145671822e-09,-3.003791931516175e-08
0.8900000000000006,-1.945140484845935e-09,4.80016946267135e-08,0.0,0.0,1.945140484845935e-09,-4.80016946267135e-08
0.9000000000000006,-2.777453468698639e-09,6.813125714447327e-08,0.0,0.0,2.777453468698639e-09,-6.813125714447327e-08
0.9100000000000006,-3.679500480164755e-09,8.964074422863783e-08,0.0,0.0,3.679500480164755e-09,-8.964074422863783e-08
0.9200000000000006,-4.628379043117719e-09,1.1190403782900215e-07,0.0,0.0,4.628379043117719e-09,-1.1190403782900215e-07
0.9300000000000006,-5.606089867120082e-09,1.3443613311555367e-07,0.0,0.0,5.606089867120082e-09,-1.3443613311555367e-07
0.9400000000000006,-6.5987471013443005e-09,1.5687189833164437e-07,0.0,0.0,6.5987471013443005e-09,-1.5687189833164437e-07
0.9500000000000006,-7.59585083402596e-09,1.789450933863293e-07,0.0,0.0,7.59585083402596e-09,-1.789450933863293e-07
0.9600000000000006,-8.589693062763326e-09,2.0047012225186272e-07,0.0,0.0,8.589693062763326e-09,-2.0047012225186272e-07
0.9700000000000006,-9.574877391516777e-09,2.2132650564955313e-07,0.0,0.0,9.574877391516777e-09,-2.2132650564955313e-07
0.9800000000000006,-1.0547925736536049e-08,2.41445723453788e-07,0.0,0.0,1.0547925736536049e-08,-2.41445723453788e-07
0.9900000000000007,-1.150695283746891e-08,2.6080013288188466e-07,0.0,0.0,1.150695283746891e-08,-2.6080013288188466e-07
1.0000000000000007,-1.2451394489496044e-08,2.7939370066972946e-07,0.0,0.0,1.2451394489496044e-08,-2.7939370066972946e-07
1.0100000000000007,-1.3381779113574733e-08,2.972543132411764e-07,0.0,0.0,1.3381779113574733e-08,-2.972543132411764e-07
1.0200000000000007,-1.4299534965959627e-08,3.144274520185141e-07,0.0,0.0,1.4299534965959627e-08,-3.144274520185141e-07
1.0300000000000007,-1.5206827203440578e-08,3.3097104219362546e-07,0.0,0.0,1.5206827203440578e-08,-3.3097104219362546e-07
1.0400000000000007,-1.6106420417468037e-08,3.469513035256252e-07,0.0,0.0,1.6106420417468037e-08,-3.469513035256252e-07
1.0500000000000007,-1.7001563307456193e-08,3.624394505519028e-07,0.0,0.0,1.7001563307456193e-08,-3.624394505519028e-07
1.0600000000000007,-1.7895893208571304e-08,3.775091077612235e-07,0.0,0.0,1.7895893208571304e-08,-3.775091077612235e-07
1.0700000000000007,-1.8793359756391896e-08,3.9223432176872535e-07,0.0,0.0,1.8793359756391896e-08,-3.9223432176872535e-07
1.0800000000000007,-1.9698170568815523e-08,4.0668806758630596e-07,0.0,0.0,1.9698170568815523e-08,-4.0668806758630596e-07
1.0900000000000007,-2.061477146563155e-08,4.209411594433282e-07,0.0,0.0,2.061477146563155e-08,-4.209411594433282e-07
1.1000000000000008,-2.154790005835391e-08,4.3506148720454525e-07,0.0,0.0,2.154790005835391e-08,-4.3506148720454525e-07
1.1100000000000008,-2.250282204853592e-08,4.491135051277363e-07,0.0,0.0,2.250282204853592e-08,-4.491135051277363e-07
1.1200000000000008,-2.348604441791396e-08,4.6315788996146995e-07,0.0,0.0,2.348604441791396e-08,-4.6315788996146995e-07
1.1300000000000008,-2.4507271955083977e-08,4.77251261825409e-07,0.0,0.0,2.4507271955083977e-08,-4.77251261825409e-07
1.1400000000000008,-2.5584524471063796e-08,4.91445774433273e-07,0.0,0.0,2.5584524471063796e-08,-4.91445774433273e-07
1.1500000000000008,-2.675706712205443e-08,5.057881360428003e-07,0.0,0.0,2.675706712205443e-08,-5.057881360428003e-07
1.1600000000000008,-2.811705630169572e-08,5.203170540431352e-07,0.0,0.0,2.811705630169572e-08,-5.203170540431352e-07
1.1700000000000008,-2.9884566543830284e-08,5.350567817676895e-07,0.0,0.0,2.9884566543830284e-08,-5.350567817676895e-07
1.1800000000000008,-3.257979682024969e-08,5.500015463016159e-07,0.0,0.0,3.257979682024969e-08,-5.500015463016159e-07
1.1900000000000008,-3.740539927054244e-08,5.650794981733213e-07,0.0,0.0,3.740539927054244e-08,-5.650794981733213e-07
1.2000000000000008,-4.7066707994987875e-08,5.800723768697978e-07,0.0,0.0,4.7066707994987875e-08,-5.800723768697978e-07
1.2100000000000009,-6.747010124884709e-08,5.944429649985172e-07,0.0,0.0,6.747010124884709e-08,-5.944429649985172e-07
1.2200000000000009,-1.1111245190389716e-07,6.06977898431246e-07,0.0,0.0,1.1111245190389716e-07,-6.06977898431246e-07
1.2300000000000009,-2.035904361513407e-07,6.150756099631804e-07,0.0,0.0,2.035904361513407e-07,-6.150756099631804e-07
1.2400000000000009,-3.956069270026056e-07,6.133812989028604e-07,0.0,0.0,3.956069270026056e-07,-6.133812989028604e-07
1.2500000000000009,-7.841907366091305e-07,5.912752022659488e-07,0.0,0.0,7.841907366091305e-07,-5.912752022659488e-07
1.260000000000001,-1.5485251978807297e-06,5.284470032116389e-07,0.0,0.0,1.5485251978807297e-06,-5.284470032116389e-07
1.270000000000001,-3.0075189552397385e-06,3.874517438079072e-07,0.0,0.0,3.0075189552397385e-06,-3.874517438079072e-07
1.280000000000001,-5.707379582633757e-06,1.0180437886194166e-07,0.0,0.0,5.707379582633757e-06,-1.0180437886194166e-07
1.290000000000001,-1.0546771492325269e-05,-4.420244976672218e-07,0.0,0.0,1.0546771492325269e-05,4.420244976672218e-07
1.300000000000001,-1.8931463801975997e-05,-1.4288181460929813e-06,0.0,0.0,1.8931463801975997e-05,1.4288181460929813e-06
1.310000000000001,-3.291976963511399e-05,-3.141387211695633e-06,0.0,0.0,3.291976963511399e-05,3.141387211695633e-06
1.320000000000001,-5.534231327258915e-05,-5.988051344241576e-06,0.0,0.0,5.534231327258915e-05,5.988051344241576e-06
1.330000000000001,-8.98124710569568e-05,-1.0520018351818474e-05,0.0,0.0,8.98124710569568e-05,1.0520018351818474e-05
1.340000000000001,-0.0001405362384030736,-1.7424375023298e-05,0.0,0.0,0.0001405362384030736,1.7424375023298e-05
1.350000000000001,-0.00021183430078021312,-2.7475867264045793e-05,0.0,0.0,0.00021183430078021312,2.7475867264045793e-05
1.360000000000001,-0.00030732863531463694,-4.143271215057935e-05,0.0,0.0,0.00030732863531463694,4.143271215057935e-05
1.370000000000001,-0.0004288344889727648,-5.9871652646162065e-05,0.0,0.0,0.0004288344889727648,5.9871652646162065e-05
1.380000000000001,-0.0005751265206046256,-8.297614946964285e-05,0.0,0.0,0.0005751265206046256,8.297614946964285e-05
1.390000000000001,-0.0007408817296671226,-0.00011031615459868714,0.0,0.0,0.0007408817296671226,0.00011031615459868714
1.400000000000001,-0.0009161854531441319,-0.00014068073603595987,0.0,0.0,0.0009161854531441319,0.00014068073603595987
1.410000000000001,-0.0010869590607085777,-0.00017203487115455453,0.0,0.0,0.0010869590607085777,0.00017203487115455453
1.420000000000001,-0.0012364926907787288,-0.00020165855270687155,0.0,0.0,0.0012364926907787288,0.00020165855270687155
1.430000000000001,-0.0013479620084494365,-0.00022648596948864828,0.0,0.0,0.0013479620084494365,0.00022648596948864828
1.440000000000001,-0.0014074599033065266,-0.00024360226399213551,0.0,0.0,0.0014074599033065266,0.00024360226399213551
1.450000000000001,-0.0014068136656293926,-0.00025079433725882843,0.0,0.0,0.0014068136656293926,0.00025079433725882843
1.460000000000001,-0.001345410281037278,-0.0002470153060482392,0.0,0.0,0.001345410281037278,0.0002470153060482392
1.470000000000001,-0.0012304723019803843,-0.00023262937366935141,0.0,0.0,0.0012304723019803843,0.00023262937366935141
1.480000000000001,-0.0010756604817314616,-0.00020935894510856954,0.0,0.0,0.0010756604817314616,0.00020935894510856954
1.490000000000001,-0.0008983752246795574,-0.00017994219748343438,0.0,0.0,0.0008983752246795574,0.00017994219748343438
1.500000000000001,-0.0007162931812332453,-0.00014755241363048635,0.0,0.0,0.0007162931812332453,0.00014755241363048635
1.5100000000000011,-0.0005440141231622773,-0.00011512207466194596,0.0,0.0,0.0005440141231622773,0.00011512207466194596
1.5200000000000011,-0.00039228201401516325,-8.51063792914935e-05,0.0,0.0,0.00039228201401516325,8.51063792914935e-05
1.5300000000000011,-0.00026779913950462307,-5.9342140085037044e-05,0.0,0.0,0.00026779913950462307,5.9342140085037044e-05
1.5400000000000011,-0.0001726036250439376,-3.878467551701913e-05,0.0,0.0,0.0001726036250439376,3.878467551701913e-05
1.5500000000000012,-0.00010469140303763056,-2.3505455698205912e-05,0.0,0.0,0.00010469140303763056,2.3505455698205912e-05
1.5600000000000012,-5.9458142949833014e-05,-1.2906126552280399e-05,0.0,0.0,5.9458142949833014e-05,1.2906126552280399e-05
1.5700000000000012,-3.130743018061548e-05,-6.027711099677014e-06,0.0,0.0,3.130743018061548e-05,6.027711099677014e-06
1.5800000000000012,-1.4925448087603101e-05,-1.8387284547510835e-06,0.0,0.0,1.4925448087603101e-05,1.8387284547510835e-06
1.5900000000000012,-6.005487635169888e-06,5.680771792291026e-07,0.0,0.0,6.005487635169888e-06,-5.680771792291026e-07
1.6000000000000012,-1.459847038551795e-06,1.8858389949679312e-06,0.0,0.0,1.459847038551795e-06,-1.8858389949679312e-06
1.6100000000000012,7.063313566569262e-07,2.5872634695317077e-06,0.0,0.0,-7.063313566569262e-07,-2.5872634695317077e-06
1.6200000000000012,1.6675452554183372e-06,2.964567945415075e-06,0.0,0.0,-1.6675452554183372e-06,-2.964567945415075e-06
1.6300000000000012,2.0588188250803437e-06,3.183147729900733e-06,0.0,0.0,-2.0588188250803437e-06,-3.183147729900733e-06
1.6400000000000012,2.1972819764805916e-06,3.3293748330143203e-06,0.0,0.0,-2.1972819764805916e-06,-3.3293748330143203e-06
1.6500000000000012,2.229902126355592e-06,3.445157428519086e-06,0.0,0.0,-2.229902126355592e-06,-3.445157428519086e-06
1.6600000000000013,2.2201233045777273e-06,3.5495414876894076e-06,0.0,0.0,-2.2201233045777273e-06,-3.5495414876894076e-06
1.6700000000000013,2.193520193296033e-06,3.6507323784991315e-06,0.0,0.0,-2.193520193296033e-06,-3.6507323784991315e-06
1.6800000000000013,2.1597078163214043e-06,3.7521552507116486e-06,0.0,0.0,-2.1597078163214043e-06,-3.7521552507116486e-06
1.6900000000000013,2.122013379698832e-06,3.855256584813614e-06,0.0,0.0,-2.122013379698832e-06,-3.855256584813614e-06
1.7000000000000013,2.081433001847385e-06,3.960702205022448e-06,0.0,0.0,-2.081433001847385e-06,-3.960702205022448e-06
1.7100000000000013,2.038143563904741e-06,4.068855989610125e-06,0.0,0.0,-2.038143563904741e-06,-4.068855989610125e-06
1.7200000000000013,1.9920453601384e-06,4.1799603751746384e-06,0.0,0.0,-1.9920453601384e-06,-4.1799603751746384e-06
1.7300000000000013,1.942945831775168e-06,4.294201475398784e-06,0.0,0.0,-1.942945831775168e-06,-4.294201475398784e-06
1.7400000000000013,1.8906183540841017e-06,4.411732195430634e-06,0.0,0.0,-1.8906183540841017e-06,-4.411732195430634e-06
1.7500000000000013,1.8348197910661532e-06,4.53268078187853e-06,0.0,0.0,-1.8348197910661532e-06,-4.53268078187853e-06
1.7600000000000013,1.7752950196688411e-06,4.657154480334494e-06,0.0,0.0,-1.7752950196688411e-06,-4.657154480334494e-06
1.7700000000000014,1.7117774308026083e-06,4.7852415644716465e-06,0.0,0.0,-1.7117774308026083e-06,-4.7852415644716465e-06
1.7800000000000014,1.6439881331147009e-06,4.917012823907174e-06,0.0,0.0,-1.6439881331147009e-06,-4.917012823907174e-06
1.7900000000000014,1.5716346154787396e-06,5.052522895803176e-06,0.0,0.0,-1.5716346154787396e-06,-5.052522895803176e-06
1.8000000000000014,1.4944090189444908e-06,5.191811607864312e-06,0.0,0.0,-1.4944090189444908e-06,-5.191811607864312e-06
1.8100000000000014,1.4119859774512297e-06,5.3349054309129575e-06,0.0,0.0,-1.4119859774512297e-06,-5.3349054309129575e-06
1.8200000000000014,1.3240195098291306e-06,5.48181977496077e-06,0.0,0.0,-1.3240195098291306e-06,-5.48181977496077e-06
1.8300000000000014,1.2301374275422576e-06,5.632564182852107e-06,0.0,0.0,-1.2301374275422576e-06,-5.632564182852107e-06
1.8400000000000014,1.1299360530599668e-06,5.787145177901947e-06,0.0,0.0,-1.1299360530599668e-06,-5.787145177901947e-06
1.8500000000000014,1.022975787762741e-06,5.945566231445492e-06,0.0,0.0,-1.022975787762741e-06,-5.945566231445492e-06
1.8600000000000014,9.087761883253436e-07,6.107827158826032e-06,0.0,0.0,-9.087761883253436e-07,-6.107827158826032e-06
1.8700000000000014,7.868105952135942e-07,6.273922733667489e-06,0.0,0.0,-7.868105952135942e-07,-6.273922733667489e-06
1.8800000000000014,6.565005491951643e-07,6.443840081874385e-06,0.0,0.0,-6.565005491951643e-07,-6.443840081874385e-06
1.8900000000000015,5.172103223106597e-07,6.617554404403893e-06,0.0,0.0,-5.172103223106597e-07,-6.617554404403893e-06
1.9000000000000015,3.6824196393157085e-07,6.795022617716626e-06,0.0,0.0,-3.6824196393157085e-07,-6.795022617716626e-06
1.9100000000000015,2.088313058367245e-07,6.976174598713052e-06,0.0,0.0,-2.088313058367245e-07,-6.976174598713052e-06
1.9200000000000015,3.814537422437945e-08,7.160901869494293e-06,0.0,0.0,-3.814537422437945e-08,-7.160901869494293e-06
1.9300000000000015,-1.447183781266396e-07,7.349043736852486e-06,0.0,0.0,1.447183781266396e-07,-7.349043736852486e-06
1.9400000000000015,-3.4073067045199627e-07,7.54037108587992e-06,0.0,0.0,3.4073067045199627e-07,-7.54037108587992e-06
1.9500000000000015,-5.509266314785756e-07,7.734568261672024e-06,0.0,0.0,5.509266314785756e-07,-7.734568261672024e-06
1.9600000000000015,-7.763998228382973e-07,7.931213788160124e-06,0.0,0.0,7.763998228382973e-07,-7.931213788160124e-06
1.9700000000000015,-1.0182921339582755e-06,8.129758922408312e-06,0.0,0.0,1.0182921339582755e-06,-8.129758922408312e-06
1.9800000000000015,-1.2777784097261334e-06,8.329504351618113e-06,0.0,0.0,1.2777784097261334e-06,-8.329504351618113e-06
1.9900000000000015,-1.5560483426662336e-06,8.529578293778015e-06,0.0,0.0,1.5560483426662336e-06,-8.529578293778015e-06
2.0000000000000013,-1.8542860593180413e-06,8.728916836350323e-06,0.0,0.0,1.8542860593180413e-06,-8.728916836350323e-06
2.010000000000001,-2.173647308173882e-06,8.926246833031056e-06,0.0,0.0,2.173647308173882e-06,-8.926246833031056e-06
2.020000000000001,-2.515234102164204e-06,9.12007165950768e-06,0.0,0.0,2.515234102164204e-06,-9.12007165950768e-06
2.0300000000000007,-2.880066638403639e-06,9.30866015289505e-06,0.0,0.0,2.880066638403639e-06,-9.30866015289505e-06
2.0400000000000005,-3.2690523294793723e-06,9.490039128039859e-06,0.0,0.0,3.2690523294793723e-06,-9.490039128039859e-06
2.0500000000000003,-3.6829518397195723e-06,9.661989965646105e-06,0.0,0.0,3.6829518397195723e-06,-9.661989965646105e-06
2.06,-4.122342130896046e-06,9.822049887755895e-06,0.0,0.0,4.122342130896046e-06,-9.822049887755895e-06
2.07,-4.587576643828488e-06,9.967518646064152e-06,0.0,0.0,4.587576643828488e-06,-9.967518646064152e-06
2.0799999999999996,-5.078741416788525e-06,1.0095471109315325e-05,0.0,0.0,5.078741416788525e-06,-1.0095471109315325e-05
2.0899999999999994,-5.595607809727414e-06,1.0202777271297303e-05,0.0,0.0,5.595607809727414e-06,-1.0202777271297303e-05
2.099999999999999,-6.137584974749934e-06,1.0286131525495523e-05,0.0,0.0,6.137584974749934e-06,-1.0286131525495523e-05
2.109999999999999,-6.703673856505433e-06,1.0342091974266092e-05,0.0,0.0,6.703673856505433e-06,-1.0342091974266092e-05
2.1199999999999988,-7.292424063937005e-06,1.0367130177662885e-05,0.0,0.0,7.292424063937005e-06,-1.0367130177662885e-05
2.1299999999999986,-7.901895445290268e-06,1.0357691630245606e-05,0.0,0.0,7.901895445290268e-06,-1.0357691630245606e-05
2.1399999999999983,-8.529626603031109e-06,1.0310266962695607e-05,0.0,0.0,8.529626603031109e-06,-1.0310266962695607e-05
2.149999999999998,-9.172612912256462e-06,1.0221473416826307e-05,0.0,0.0,9.172612912256462e-06,-1.0221473416826307e-05
2.159999999999998,-9.827296815037132e-06,1.008814554828293e-05,0.0,0.0,9.827296815037132e-06,-1.008814554828293e-05
2.1699999999999977,-1.0489573209780479e-05,9.907433394154049e-06,0.0,0.0,1.0489573209780479e-05,-9.907433394154049e-06
2.1799999999999975,-1.1154812596648768e-05,9.676905541240525e-06,0.0,0.0,1.1154812596648768e-05,-9.676905541240525e-06
2.1899999999999973,-1.1817904240113991e-05,9.394653699895789e-06,0.0,0.0,1.1817904240113991e-05,-9.394653699895789e-06
2.199999999999997,-1.2473320944327677e-05,9.059394599332787e-06,0.0,0.0,1.2473320944327677e-05,-9.059394599332787e-06
2.209999999999997,-1.3115206101352506e-05,8.670564358038358e-06,0.0,0.0,1.3115206101352506e-05,-8.670564358038358e-06
2.2199999999999966,-1.3737482489663764e-05,8.228400039592459e-06,0.0,0.0,1.3737482489663764e-05,-8.228400039592459e-06
2.2299999999999964,-1.433398092523815e-05,7.734002970243234e-06,0.0,0.0,1.433398092523815e-05,-7.734002970243234e-06
2.239999999999996,-1.4898585388166986e-05,7.189378646837954e-06,0.0,0.0,1.4898585388166986e-05,-7.189378646837954e-06
2.249999999999996,-1.5425389782613713e-05,6.5974487520061465e-06,0.0,0.0,1.5425389782613713e-05,-6.5974487520061465e-06
2.259999999999996,-1.590886017701414e-05,5.962031928394194e-06,0.0,0.0,1.590886017701414e-05,-5.962031928394194e-06
2.2699999999999956,-1.634399536222713e-05,5.287791506876654e-06,0.0,0.0,1.634399536222713e-05,-5.287791506876654e-06
2.2799999999999954,-1.6726477994126263e-05,4.5801502443513215e-06,0.0,0.0,1.6726477994126263e-05,-4.5801502443513215e-06
2.289999999999995,-1.7052808559258256e-05,3.845174165437518e-06,0.0,0.0,1.7052808559258256e-05,-3.845174165437518e-06
2.299999999999995,-1.732041497344985e-05,3.0894296428938173e-06,0.0,0.0,1.732041497344985e-05,-3.0894296428938173e-06
2.3099999999999947,-1.752773178651181e-05,2.319819700312482e-06,0.0,0.0,1.752773178651181e-05,-2.319819700312482e-06
2.3199999999999945,-1.7674244646430786e-05,1.5434069917694311e-06,0.0,0.0,1.7674244646430786e-05,-1.5434069917694311e-06
2.3299999999999943,-1.7760497736487554e-05,7.672318522273155e-07,0.0,0.0,1.7760497736487554e-05,-7.672318522273155e-07
2.339999999999994,-1.778806415361362e-05,-1.8658792678471616e-09,0.0,0.0,1.778806415361362e-05,1.8658792678471616e-09
2.349999999999994,-1.775948143705246e-05,-7.574129142438882e-07,0.0,0.0,1.775948143705246e-05,7.574129142438882e-07
2.3599999999999937,-1.767815647716304e-05,-1.493449068943199e-06,0.0,0.0,1.767815647716304e-05,1.493449068943199e-06
2.3699999999999934,-1.7548245658465004e-05,-2.2046484192893905e-06,0.0,0.0,1.7548245658465004e-05,2.2046484192893905e-06
2.3799999999999932,-1.737451719328874e-05,-2.8864109871021278e-06,0.0,0.0,1.737451719328874e-05,2.8864109871021278e-06
2.389999999999993,-1.716220312083349e-05,-3.5349228805236284e-06,0.0,0.0,1.716220312083349e-05,3.5349228805236284e-06
2.399999999999993,-1.6916848385478177e-05,-4.147184779958069e-06,0.0,0.0,1.6916848385478177e-05,4.147184779958069e-06
2.4099999999999926,-1.6644163831573987e-05,-4.721010438425134e-06,0.0,0.0,1.6644163831573987e-05,4.721010438425134e-06
2.4199999999999924,-1.6349888968074624e-05,-5.2549983247947515e-06,0.0,0.0,1.6349888968074624e-05,5.2549983247947515e-06
2.429999999999992,-1.603966909967519e-05,-5.748480600908297e-06,0.0,0.0,1.603966909967519e-05,5.748480600908297e-06
2.439999999999992,-1.571895003270019e-05,-6.2014542605937865e-06,0.0,0.0,1.571895003270019e-05,6.2014542605937865e-06
2.4499999999999917,-1.5392892174535185e-05,-6.61449948674954e-06,0.0,0.0,1.5392892174535185e-05,6.61449948674954e-06
2.4599999999999915,-1.5066304562846025e-05,-6.988690153891039e-06,0.0,0.0,1.5066304562846025e-05,6.988690153891039e-06
2.4699999999999913,-1.474359826286623e-05,-7.325500992771001e-06,0.0,0.0,1.474359826286623e-05,7.325500992771001e-06
2.479999999999991,-1.4428757703708929e-05,-7.626715325601356e-06,0.0,0.0,1.4428757703708929e-05,7.626715325601356e-06
2.489999999999991,-1.4125327904199017e-05,-7.89433655936729e-06,0.0,0.0,1.4125327904199017e-05,7.89433655936729e-06
2.4999999999999907,-1.3836415156801109e-05,-8.130505866159995e-06,0.0,0.0,1.3836415156801109e-05,8.130505866159995e-06
2.5099999999999905,-1.3564698569267093e-05,-8.33742774419547e-06,0.0,0.0,1.3564698569267093e-05,8.33742774419547e-06
2.5199999999999902,-1.3312449870845893e-05,-8.517304486164367e-06,0.0,0.0,1.3312449870845893e-05,8.517304486164367e-06
2.52999999999999,-1.308155903220608e-05,-8.67228001110612e-06,0.0,0.0,1.308155903220608e-05,8.67228001110612e-06
2.53999999999999,-1.2873563484684868e-05,-8.80439305614788e-06,0.0,0.0,1.2873563484684868e-05,8.80439305614788e-06
2.5499999999999896,-1.2689679018264779e-05,-8.915539377273687e-06,0.0,0.0,1.2689679018264779e-05,8.915539377273687e-06
2.5599999999999894,-1.2530830757777336e-05,-9.00744236731797e-06,0.0,0.0,1.2530830757777336e-05,9.00744236731797e-06
2.569999999999989,-1.2397682939361343e-05,-9.081631352243345e-06,0.0,0.0,1.2397682939361343e-05,9.081631352243345e-06
2.579999999999989,-1.2290666516395543e-05,-9.13942675841116e-06,0.0,0.0,1.2290666516395543e-05,9.13942675841116e-06
2.5899999999999888,-1.2210003905342971e-05,-9.181931337249296e-06,0.0,0.0,1.2210003905342971e-05,9.181931337249296e-06
2.5999999999999885,-1.2155730431060071e-05,-9.210026673555519e-06,0.0,0.0,1.2155730431060071e-05,9.210026673555519e-06
2.6099999999999883,-1.2127712246091242e-05,-9.22437427502804e-06,0.0,0.0,1.2127712246091242e-05,9.22437427502804e-06
2.619999999999988,-1.2125660680337062e-05,-9.225420630614692e-06,0.0,0.0,1.2125660680337062e-05,9.225420630614692e-06
2.629999999999988,-1.214914312905242e-05,-9.213405723181351e-06,0.0,0.0,1.214914312905242e-05,9.213405723181351e-06
2.6399999999999877,-1.2197590712186648e-05,-9.188374579093294e-06,0.0,0.0,1.2197590712186648e-05,9.188374579093294e-06
2.6499999999999875,-1.2270303040686874e-05,-9.150191526709383e-06,0.0,0.0,1.2270303040686874e-05,9.150191526709383e-06
2.6599999999999873,-1.2366450509441252e-05,-9.098556912213624e-06,0.0,0.0,1.2366450509441252e-05,9.098556912213624e-06
2.669999999999987,-1.2485074605022035e-05,-9.033026080884803e-06,0.0,0.0,1.2485074605022035e-05,9.033026080884803e-06
2.679999999999987,-1.2625086771973538e-05,-8.953030471947892e-06,0.0,0.0,1.2625086771973538e-05,8.953030471947892e-06
2.6899999999999866,-1.2785266425079805e-05,-8.857900694038999e-06,0.0,0.0,1.2785266425079805e-05,8.857900694038999e-06
2.6999999999999864,-1.296425872731933e-05,-8.746891445188302e-06,0.0,0.0,1.296425872731933e-05,8.746891445188302e-06
2.709999999999986,-1.3160572772921638e-05,-8.619208116500253e-06,0.0,0.0,1.3160572772921638e-05,8.619208116500253e-06
2.719999999999986,-1.3372580820790247e-05,-8.474034873349589e-06,0.0,0.0,1.3372580820790247e-05,8.474034873349589e-06
2.7299999999999858,-1.3598519213080674e-05,-8.310563944188987e-06,0.0,0.0,1.3598519213080674e-05,8.310563944188987e-06
2.7399999999999856,-1.3836491583963505e-05,-8.128025768434816e-06,0.0,0.0,1.3836491583963505e-05,8.128025768434816e-06
2.7499999999999853,-1.4084474912103618e-05,-7.925719565660294e-06,0.0,0.0,1.4084474912103618e-05,7.925719565660294e-06
2.759999999999985,-1.4340328894357732e-05,-7.7030437944009e-06,0.0,0.0,1.4340328894357732e-05,7.7030437944009e-06
2.769999999999985,-1.4601809016423241e-05,-7.4595258767554185e-06,0.0,0.0,1.4601809016423241e-05,7.4595258767554185e-06
2.7799999999999847,-1.4866583568124116e-05,-7.194850482420079e-06,0.0,0.0,1.4866583568124116e-05,7.194850482420079e-06
2.7899999999999845,-1.5132254698118385e-05,-6.908885600968261e-06,0.0,0.0,1.5132254698118385e-05,6.908885600968261e-06
2.7999999999999843,-1.5396383428543642e-05,-6.601705592245809e-06,0.0,0.0,1.5396383428543642e-05,6.601705592245809e-06
2.809999999999984,-1.565651836028334e-05,-6.273610399163466e-06,0.0,0.0,1.565651836028334e-05,6.273610399163466e-06
2.819999999999984,-1.5910227601913294e-05,-5.925140141368675e-06,0.0,0.0,1.5910227601913294e-05,5.925140141368675e-06
2.8299999999999836,-1.6155133259916398e-05,-5.557084386552283e-06,0.0,0.0,1.6155133259916398e-05,5.557084386552283e-06
2.8399999999999834,-1.6388947645929508e-05,-5.170485519994256e-06,0.0,0.0,1.6388947645929508e-05,5.170485519994256e-06
2.849999999999983,-1.6609510200834305e-05,-4.766635800551698e-06,0.0,0.0,1.6609510200834305e-05,4.766635800551698e-06
2.859999999999983,-1.6814824017171017e-05,-4.3470678976745e-06,0.0,0.0,1.6814824017171017e-05,4.3470678976745e-06
2.869999999999983,-1.7003090771493396e-05,-3.9135389400823605e-06,0.0,0.0,1.7003090771493396e-05,3.9135389400823605e-06
2.8799999999999826,-1.7172742865063284e-05,-3.4680083604893444e-06,0.0,0.0,1.7172742865063284e-05,3.4680083604893444e-06
2.8899999999999824,-1.7322471619464044e-05,-3.0126100778387297e-06,0.0,0.0,1.7322471619464044e-05,3.0126100778387297e-06
2.899999999999982,-1.7451250484150216e-05,-2.549619802565443e-06,0.0,0.0,1.7451250484150216e-05,2.549619802565443e-06
2.909999999999982,-1.7558352381453607e-05,-2.081418466121519e-06,0.0,0.0,1.7558352381453607e-05,2.081418466121519e-06
2.9199999999999817,-1.7643360533056423e-05,-1.6104529478708079e-06,0.0,0.0,1.7643360533056423e-05,1.6104529478708079e-06
2.9299999999999815,-1.7706172367794923e-05,-1.139195389055087e-06,0.0,0.0,1.7706172367794923e-05,1.139195389055087e-06
2.9399999999999813,-1.774699638851573e-05,-6.701024364694483e-07,0.0,0.0,1.774699638851573e-05,6.701024364694483e-07
2.949999999999981,-1.7766342158394532e-05,-2.055757441824908e-07,0.0,0.0,1.7766342158394532e-05,2.055757441824908e-07
2.959999999999981,-1.776500383716107e-05,2.520750184777747e-07,0.0,0.0,1.776500383716107e-05,-2.520750184777747e-07
2.9699999999999807,-1.7744037938838775e-05,7.006655442066882e-07,0.0,0.0,1.7744037938838775e-05,-7.006655442066882e-07
2.9799999999999804,-1.770473618127537e-05,1.1381657308821526e-06,0.0,0.0,1.770473618127537e-05,-1.1381657308821526e-06
2.9899999999999802,-1.76485944439485e-05,1.562723296126183e-06,0.0,0.0,1.76485944439485e-05,-1.562723296126183e-06
2.99999999999998,-1.757727893860215e-05,1.9726817145378678e-06,0.0,0.0,1.757727893860215e-05,-1.9726817145378678e-06
3.00999999999998,-0.30188930204822795,-1.3695226492788002,0.0,0.0,0.30188930204822795,1.3695226492788002
3.0199999999999796,-1.3011474690895684,-5.333718749974925,0.0,0.0,1.3011474690895684,5.333718749974925
3.0299999999999794,-2.6875243902980825,-10.237373234908967,0.0,0.0,2.6875243902980825,10.237373234908967
3.039999999999979,-4.342031880555867,-15.594023666879465,0.0,0.0,4.342031880555867,15.594023666879465
3.049999999999979,-6.183318280374453,-21.180121637669604,0.0,0.0,6.183318280374453,21.180121637669604
3.0599999999999787,-8.146993177766344,-26.880427078475435,0.0,0.0,8.146993177766344,26.880427078475435
3.0699999999999785,-10.178326847128952,-32.631474180703044,0.0,0.0,10.178326847128952,32.631474180703044
3.0799999999999783,-12.229294888833763,-38.39650442737099,0.0,0.0,12.229294888833763,38.39650442737099
3.089999999999978,-14.257307392945949,-44.15268852585547,0.0,0.0,14.257307392945949,44.15268852585547
3.099999999999978,-16.224707343124884,-49.88394182105054,0.0,0.0,16.224707343124884,49.88394182105054
3.1099999999999777,-18.098673192354227,-55.5766531122276,0.0,0.0,18.098673192354227,55.5766531122276
3.1199999999999775,-19.851341211749947,-61.21713925287868,0.0,0.0,19.851341211749947,61.21713925287868
3.1299999999999772,-21.46001987259462,-66.79025147258069,0.0,0.0,21.46001987259462,66.79025147258069
3.139999999999977,-22.907388345658383,-72.27882414349706,0.0,0.0,22.907388345658383,72.27882414349706
3.149999999999977,-24.181587826296763,-77.66376622910735,0.0,0.0,24.181587826296763,77.66376622910735
3.1599999999999766,-25.276138938092267,-82.92463090613349,0.0,0.0,25.276138938092267,82.92463090613349
3.1699999999999764,-26.18965115887541,-88.04050132938748,0.0,0.0,26.18965115887541,88.04050132938748
3.179999999999976,-26.925326102187803,-92.9910263906447,0.0,0.0,26.925326102187803,92.9910263906447
3.189999999999976,-27.490288960935114,-97.75744661703901,0.0,0.0,27.490288960935114,97.75744661703901
3.1999999999999758,-27.89480567254464,-102.32347493436076,0.0,0.0,27.89480567254464,102.32347493436076
3.2099999999999755,-28.151454076338798,-106.6759385198959,0.0,0.0,28.151454076338798,106.6759385198959
3.2199999999999753,-28.27431538183742,-110.80513807806803,0.0,0.0,28.27431538183742,110.80513807806803
3.229999999999975,-28.278240357598555,-114.70492870337378,0.0,0.0,28.278240357598555,114.70492870337378
3.239999999999975,-28.17822711460694,-118.37256305803072,0.0,0.0,28.17822711460694,118.37256305803072
3.2499999999999747,-27.98892867896419,-121.80835847303209,0.0,0.0,27.98892867896419,121.80835847303209
3.2599999999999745,-27.724292203512327,-125.01525519284276,0.0,0.0,27.724292203512327,125.01525519284276
3.2699999999999743,-27.397319600376935,-127.99832703642794,0.0,0.0,27.397319600376935,127.99832703642794
3.279999999999974,-27.01993206648624,-130.7642931616229,0.0,0.0,27.01993206648624,130.7642931616229
3.289999999999974,-26.60291787015031,-133.3210648538113,0.0,0.0,26.60291787015031,133.3210648538113
3.2999999999999736,-26.155942803511785,-135.67734744768927,0.0,0.0,26.155942803511785,135.67734744768927
3.3099999999999734,-25.687604726088612,-137.8423063094939,0.0,0.0,25.687604726088612,137.8423063094939
3.319999999999973,-25.2055166358752,-139.8252977692358,0.0,0.0,25.2055166358752,139.8252977692358
3.329999999999973,-24.716405981598207,-141.6356607763909,0.0,0.0,24.716405981598207,141.6356607763909
3.3399999999999728,-24.226221016675684,-143.28256228590487,0.0,0.0,24.226221016675684,143.28256228590487
3.3499999999999726,-23.7402376544333,-144.77488830833636,0.0,0.0,23.7402376544333,144.77488830833636
3.3599999999999723,-23.26316243055245,-146.1211725877082,0.0,0.0,23.26316243055245,146.1211725877082
3.369999999999972,-22.79922882196481,-147.32955553827594,0.0,0.0,22.79922882196481,147.32955553827594
3.379999999999972,-22.352285369943406,-148.40776704537376,0.0,0.0,22.352285369943406,148.40776704537376
3.3899999999999717,-21.925874886421493,-149.3631277988556,0.0,0.0,21.925874886421493,149.3631277988556
3.3999999999999715,-21.50743986127616,-150.23515141491103,0.0,0.0,21.50743986127616,150.23515141491103
3.4099999999999713,-21.0669238467331,-151.0919489885908,0.0,0.0,21.0669238467331,151.0919489885908
3.419999999999971,-20.604820215890612,-151.93299259164826,0.0,0.0,20.604820215890612,151.93299259164826
3.429999999999971,-20.12163434610165,-152.75779996219666,0.0,0.0,20.12163434610165,152.75779996219666
3.4399999999999706,-19.61788187481,-153.56593328216002,0.0,0.0,19.61788187481,153.56593328216002
3.4499999999999704,-19.094086963963584,-154.3569978374135,0.0,0.0,19.094086963963584,154.3569978374135
3.45999999999997,-18.550780646094392,-155.13064043963763,0.0,0.0,18.550780646094392,155.13064043963763
3.46999999999997,-17.988499260204446,-155.88654764428406,0.0,0.0,17.988499260204446,155.88654764428406
3.47999999999997,-17.407782983839958,-156.62444379841452,0.0,0.0,17.407782983839958,156.62444379841452
3.4899999999999696,-16.809174466070854,-157.34408895097445,0.0,0.0,16.809174466070854,157.34408895097445
3.4999999999999694,-16.19321756454378,-158.04527665640168,0.0,0.0,16.19321756454378,158.04527665640168
3.509999999999969,-15.56045618836002,-158.72783170044923,0.0,0.0,15.56045618836002,158.72783170044923
3.519999999999969,-14.91143324725763,-159.39160777481115,0.0,0.0,14.91143324725763,159.39160777481115
3.5299999999999687,-14.246689706455351,-160.0364851246759,0.0,0.0,14.246689706455351,160.0364851246759
3.5399999999999685,-13.566763745545995,-160.6623681907668,0.0,0.0,13.566763745545995,160.6623681907668
3.5499999999999683,-12.872190019007256,-161.2691832648372,0.0,0.0,12.872190019007256,161.2691832648372
3.559999999999968,-12.163499015222037,-161.85687617502577,0.0,0.0,12.163499015222037,161.85687617502577
3.569999999999968,-11.441216510361421,-162.42541001499617,0.0,0.0,11.441216510361421,162.42541001499617
3.5799999999999677,-10.705863113071151,-162.97476292842035,0.0,0.0,10.705863113071151,162.97476292842035
3.5899999999999674,-9.957953895605822,-163.5049259581493,0.0,0.0,9.957953895605822,163.5049259581493
3.5999999999999672,-9.197998106862846,-164.01590096736737,0.0,0.0,9.197998106862846,164.01590096736737
3.609999999999967,-8.426498962668196,-164.50769863815955,0.0,0.0,8.426498962668196,164.50769863815955
3.619999999999967,-7.643953508646362,-164.98033655124487,0.0,0.0,7.643953508646362,164.98033655124487
3.6299999999999666,-6.850852551056242,-165.43383734914272,0.0,0.0,6.850852551056242,165.43383734914272
3.6399999999999664,-6.0476806510820325,-165.8682269837391,0.0,0.0,6.0476806510820325,165.8682269837391
3.649999999999966,-5.234916178223293,-166.283533048105,0.0,0.0,5.234916178223293,166.283533048105
3.659999999999966,-4.413031418621918,-166.6797831914737,0.0,0.0,4.413031418621918,166.6797831914737
3.6699999999999657,-3.5824927343872166,-167.05700361550544,0.0,0.0,3.5824927343872166,167.05700361550544
3.6799999999999655,-2.7437607702261992,-167.41521764933856,0.0,0.0,2.7437607702261992,167.41521764933856
3.6899999999999653,-1.897290703947694,-167.7544444004382,0.0,0.0,1.897290703947694,167.7544444004382
3.699999999999965,-1.04353253768025,-168.07469747789543,0.0,0.0,1.04353253768025,168.07469747789543
3.709999999999965,-0.1829314269199501,-168.37598378458495,0.0,0.0,0.1829314269199501,168.37598378458495
3.7199999999999647,0.68407195519928,-168.6583023744557,0.0,0.0,-0.68407195519928,168.6583023744557
3.7299999999999645,1.557041020746952,-168.9216433711873,0.0,0.0,-1.557041020746952,168.9216433711873
3.7399999999999642,2.4355428390160805,-169.165986944494,0.0,0.0,-2.4355428390160805,169.165986944494
3.749999999999964,3.3191476795313553,-169.39130234048733,0.0,0.0,-3.3191476795313553,169.39130234048733
3.759999999999964,4.207428527608058,-169.59754696270787,0.0,0.0,-4.207428527608058,169.59754696270787
3.7699999999999636,5.099960573790954,-169.78466550071136,0.0,0.0,-5.099960573790954,169.78466550071136
3.7799999999999634,5.996320678283614,-169.95258910342721,0.0,0.0,-5.996320678283614,169.95258910342721
3.789999999999963,6.896086811276517,-170.1012345949093,0.0,0.0,-6.896086811276517,170.1012345949093
3.799999999999963,7.798837469897626,-170.23050373055815,0.0,0.0,-7.798837469897626,170.23050373055815
3.8099999999999627,8.704151072344098,-170.34028249241817,0.0,0.0,-8.704151072344098,170.34028249241817
3.8199999999999625,9.611605329609196,-170.4304404227401,0.0,0.0,-9.611605329609196,170.4304404227401
3.8299999999999623,10.520776595096597,-170.5008299956533,0.0,0.0,-10.520776595096597,170.5008299956533
3.839999999999962,11.431239192316331,-170.55128602751628,0.0,0.0,-11.431239192316331,170.55128602751628
3.849999999999962,12.342564720785484,-170.5816251273158,0.0,0.0,-12.342564720785484,170.5816251273158
3.8599999999999617,13.254321340214169,-170.59164518936623,0.0,0.0,-13.254321340214169,170.59164518936623
3.8699999999999615,14.166073033046784,-170.5811249315331,0.0,0.0,-14.166073033046784,170.5811249315331
3.8799999999999613,15.07737884545303,-170.549823483274,0.0,0.0,-15.07737884545303,170.549823483274
